CSO Electoral Divisions 2022,Bed-Sit,Flat/Apartment,House/Bungalow,Total,Registered_ev,Bed-Sit_Percentage,Flat/Apartment_Percentage,House/Bungalow_Percentage,home_charge_percentage,charge_frequency,charging_demand
"Arran Quay A, Dublin City",1,220,476,697,217.0,0.1434720229555237,31.563845050215207,68.29268292682927,0.6048780487804878,0.06717073170731708,4.0
"Arran Quay B, Dublin City",5,1280,420,1705,481.0,0.2932551319648094,75.0733137829912,24.633431085043988,0.47390029325513194,0.08943695014662757,11.0
"Arran Quay C, Dublin City",1,1746,153,1900,516.0,0.05263157894736842,91.89473684210526,8.052631578947368,0.42415789473684207,0.09789315789473686,13.0
"Arran Quay D, Dublin City",0,441,874,1315,408.0,0.0,33.536121673003805,66.4638783269962,0.5993916349809885,0.06810342205323197,7.0
"Arran Quay E, Dublin City",1,440,1206,1647,519.0,0.060716454159077116,26.71523982999393,73.224043715847,0.619672131147541,0.06465573770491803,8.0
"Ashtown A, Dublin City",1,1986,2565,4552,1383.0,0.02196836555360281,43.62917398945518,56.34885764499121,0.5690465729349736,0.07326208260105449,25.0
"Ashtown B, Dublin City",0,150,907,1057,342.0,0.0,14.191106906338694,85.80889309366131,0.6574266792809839,0.058237464522232746,5.0
"Ayrfield, Dublin City",1,597,1529,2127,668.0,0.04701457451810061,28.067700987306065,71.88528443817583,0.6156558533145274,0.06533850493653034,11.0
"Ballinascorney, South Dublin",0,53,227,280,90.0,0.0,18.928571428571427,81.07142857142857,0.6432142857142857,0.06065357142857143,1.0
"Ballyboden, South Dublin",0,106,1691,1797,591.0,0.0,5.898720089037284,94.10127991096272,0.6823038397328881,0.054008347245409025,8.0
"Ballybough A, Dublin City",1,770,901,1672,505.0,0.05980861244019139,46.05263157894737,53.88755980861244,0.5616626794258373,0.07451734449760768,9.0
"Ballybough B, Dublin City",0,1037,638,1675,489.0,0.0,61.910447761194035,38.089552238805965,0.514268656716418,0.08257432835820895,10.0
"Ballygall A, Dublin City",0,426,882,1308,407.0,0.0,32.56880733944954,67.43119266055045,0.6022935779816513,0.06761009174311929,7.0
"Ballygall B, Dublin City",0,88,617,705,229.0,0.0,12.4822695035461,87.51773049645391,0.6625531914893616,0.05736595744680852,3.0
"Ballygall C, Dublin City",0,65,1258,1323,436.0,0.0,4.91307634164777,95.08692365835223,0.6852607709750567,0.05350566893424037,6.0
"Ballygall D, Dublin City",0,65,908,973,320.0,0.0,6.680369989722508,93.31963001027749,0.6799588900308325,0.05440698869475847,4.0
"Ballymun A, Dublin City",0,825,1117,1942,592.0,0.0,42.48197734294541,57.51802265705458,0.5725540679711636,0.0726658084449022,11.0
"Ballymun B, Dublin City",0,373,1113,1486,470.0,0.0,25.10094212651413,74.89905787348586,0.6246971736204575,0.06380148048452222,7.0
"Ballymun C, Dublin City",5,539,1567,2111,666.0,0.23685457129322599,25.532922785409756,74.23022264329701,0.622690667929891,0.06414258645191853,11.0
"Ballymun D, Dublin City",3,258,714,975,307.0,0.3076923076923077,26.461538461538463,73.23076923076923,0.6196923076923077,0.0646523076923077,5.0
"Ballymun E, Dublin City",1,1,597,599,199.0,0.1669449081803005,0.1669449081803005,99.6661101836394,0.6989983305509181,0.051170283806343926,3.0
"Ballymun F, Dublin City",0,13,882,895,297.0,0.0,1.452513966480447,98.54748603351955,0.6956424581005587,0.051740782122905025,4.0
"Beaumont A, Dublin City",2,3,1007,1012,336.0,0.1976284584980237,0.2964426877470355,99.50592885375494,0.6985177865612647,0.051251976284585,4.0
"Beaumont B, Dublin City",0,262,1270,1532,493.0,0.0,17.10182767624021,82.8981723237598,0.6486945169712794,0.0597219321148825,7.0
"Beaumont C, Dublin City",1,245,1081,1327,425.0,0.07535795026375283,18.462697814619442,81.4619442351168,0.6443858327053503,0.06045440844009045,6.0
"Beaumont D, Dublin City",0,1,753,754,251.0,0.0,0.1326259946949602,99.86737400530504,0.699602122015915,0.051067639257294455,3.0
"Beaumont E, Dublin City",1,1,760,762,253.0,0.13123359580052493,0.13123359580052493,99.73753280839895,0.6992125984251969,0.051133858267716534,3.0
"Beaumont F, Dublin City",0,117,1260,1377,451.0,0.0,8.49673202614379,91.50326797385621,0.6745098039215687,0.05533333333333333,6.0
"Bohernabreena, South Dublin",0,53,1686,1739,575.0,0.0,3.0477285796434734,96.95227142035652,0.6908568142610696,0.052554341575618176,8.0
"Botanic A, Dublin City",0,529,826,1355,416.0,0.0,39.040590405904055,60.95940959409594,0.5828782287822878,0.07091070110701109,7.0
"Botanic B, Dublin City",0,464,983,1447,451.0,0.0,32.066344160331724,67.93365583966829,0.6038009675190049,0.06735383552176917,8.0
"Botanic C, Dublin City",1,300,644,945,294.0,0.10582010582010583,31.746031746031743,68.14814814814815,0.6044444444444445,0.06724444444444445,5.0
"Cabra East A, Dublin City",320,907,1357,2584,725.0,12.38390092879257,35.10061919504644,52.51547987616099,0.5575464396284829,0.0752171052631579,14.0
"Cabra East B, Dublin City",2,185,1342,1529,496.0,0.13080444735120994,12.09941137998692,87.76978417266187,0.6633093525179855,0.05723741007194247,7.0
"Cabra East C, Dublin City",95,862,910,1867,542.0,5.088377075522228,46.17032672737012,48.74129619710766,0.546223888591323,0.0771419389394751,10.0
"Cabra West A, Dublin City",0,9,532,541,180.0,0.0,1.6635859519408502,98.33641404805915,0.6950092421441775,0.05184842883548983,2.0
"Cabra West B, Dublin City",0,183,911,1094,352.0,0.0,16.727605118829985,83.27239488117002,0.6498171846435099,0.05953107861060332,5.0
"Cabra West C, Dublin City",0,54,1019,1073,354.0,0.0,5.032618825722274,94.96738117427772,0.6849021435228332,0.053566635601118365,5.0
"Cabra West D, Dublin City",57,204,852,1113,344.0,5.121293800539084,18.328840970350406,76.54986522911051,0.6296495956873315,0.06295956873315366,5.0
"Carna, Dublin City",0,81,991,1072,352.0,0.0,7.555970149253731,92.44402985074626,0.6773320895522388,0.05485354477611941,5.0
"Chapelizod, Dublin City",4,872,613,1489,437.0,0.2686366689053056,58.56279382135662,41.16856950973808,0.5235057085292142,0.0810040295500336,9.0
"Cherry Orchard A, Dublin City",0,358,429,787,238.0,0.0,45.48919949174079,54.510800508259216,0.5635324015247777,0.0741994917407878,4.0
"Cherry Orchard C, Dublin City",1,474,1045,1520,474.0,0.06578947368421052,31.18421052631579,68.75,0.60625,0.06693750000000001,8.0
"Clondalkin Village, South Dublin",1,347,2846,3194,1040.0,0.031308703819661866,10.864120225422667,89.10457107075767,0.667313713212273,0.0565566687539136,15.0
"Clondalkin-Ballymount, South Dublin",0,20,609,629,208.0,0.0,3.1796502384737675,96.82034976152623,0.6904610492845786,0.052621621621621636,3.0
"Clondalkin-Cappaghmore, South Dublin",0,62,694,756,248.0,0.0,8.201058201058201,91.7989417989418,0.6753968253968253,0.0551825396825397,3.0
"Clondalkin-Dunawley, South Dublin",6,485,3317,3808,1234.0,0.15756302521008403,12.736344537815125,87.10609243697479,0.6613182773109243,0.057575892857142874,18.0
"Clondalkin-Monastery, South Dublin",2,849,3081,3932,1252.0,0.050864699898270596,21.59206510681587,78.35707019328586,0.6350712105798576,0.062037894201424214,19.0
"Clondalkin-Moorfield, South Dublin",3,173,2104,2280,747.0,0.13157894736842105,7.587719298245614,92.28070175438596,0.6768421052631578,0.05493684210526318,10.0
"Clondalkin-Rowlagh, South Dublin",1,54,1313,1368,452.0,0.07309941520467836,3.9473684210526314,95.97953216374269,0.6879385964912281,0.05305043859649122,6.0
"Clontarf East A, Dublin City",0,224,1134,1358,437.0,0.0,16.49484536082474,83.50515463917526,0.6505154639175258,0.05941237113402062,6.0
"Clontarf East B, Dublin City",1,627,2104,2732,868.0,0.036603221083455345,22.9502196193265,77.01317715959004,0.6310395314787701,0.06272327964860909,14.0
"Clontarf East C, Dublin City",0,256,937,1193,380.0,0.0,21.45850796311819,78.5414920368818,0.6356244761106454,0.06194383906119028,6.0
"Clontarf East D, Dublin City",0,159,884,1043,337.0,0.0,15.244487056567593,84.75551294343241,0.6542665388302972,0.05877468839884949,5.0
"Clontarf East E, Dublin City",0,66,530,596,194.0,0.0,11.073825503355705,88.9261744966443,0.6667785234899328,0.05664765100671142,3.0
"Clontarf West A, Dublin City",0,178,1265,1443,469.0,0.0,12.335412335412336,87.66458766458767,0.662993762993763,0.05729106029106029,7.0
"Clontarf West B, Dublin City",2,64,955,1021,335.0,0.1958863858961802,6.268364348677767,93.53574926542605,0.680607247796278,0.054296767874632744,5.0
"Clontarf West C, Dublin City",0,864,885,1749,525.0,0.0,49.39965694682676,50.60034305317325,0.5518010291595198,0.07619382504288164,10.0
"Clontarf West D, Dublin City",0,317,779,1096,344.0,0.0,28.923357664233578,71.07664233576642,0.6132299270072993,0.06575091240875913,6.0
"Clontarf West E, Dublin City",0,42,913,955,315.0,0.0,4.397905759162303,95.6020942408377,0.6868062827225131,0.05324293193717278,4.0
"Crumlin A, Dublin City",1,63,1362,1426,470.0,0.07012622720897616,4.417952314165498,95.51192145862552,0.6865357643758765,0.053288920056101,6.0
"Crumlin B, Dublin City",0,68,1147,1215,400.0,0.0,5.596707818930041,94.40329218106996,0.6832098765432099,0.05385432098765433,5.0
"Crumlin C, Dublin City",0,155,788,943,304.0,0.0,16.436903499469775,83.56309650053022,0.6506892895015907,0.05938282078472959,5.0
"Crumlin D, Dublin City",2,186,1473,1661,540.0,0.12040939193257075,11.19807344972908,88.68151715833835,0.666044551475015,0.056772426249247464,8.0
"Crumlin E, Dublin City",0,40,1077,1117,369.0,0.0,3.5810205908683974,96.4189794091316,0.6892569382273946,0.052826320501342915,5.0
"Crumlin F, Dublin City",0,101,1034,1135,371.0,0.0,8.898678414096917,91.10132158590308,0.6733039647577093,0.05553832599118943,5.0
"Decies, Dublin City",0,1,1056,1057,352.0,0.0,0.0946073793755913,99.90539262062441,0.6997161778618732,0.05104824976348155,4.0
"Drumcondra South A, Dublin City",0,944,1295,2239,683.0,0.0,42.1616793211255,57.8383206788745,0.5735149620366236,0.072502456453774,12.0
"Drumcondra South B, Dublin City",0,477,361,838,247.0,0.0,56.921241050119335,43.078758949880665,0.529236276849642,0.08002983293556086,5.0
"Drumcondra South C, Dublin City",0,83,1202,1285,422.0,0.0,6.459143968871596,93.5408560311284,0.6806225680933852,0.05429416342412453,6.0
"Drumfinn, Dublin City",0,97,1274,1371,450.0,0.0,7.075127644055435,92.92487235594457,0.6787746170678336,0.054608315098468294,6.0
"Edenmore, Dublin City",0,100,907,1007,329.0,0.0,9.930486593843098,90.0695134061569,0.6702085402184708,0.056064548162859974,5.0
"Edmondstown, South Dublin",1,61,1854,1916,634.0,0.052192066805845504,3.1837160751565765,96.76409185803759,0.6902922755741129,0.05265031315240081,8.0
"Finglas North A, Dublin City",1,4,1118,1123,373.0,0.08904719501335707,0.3561887800534283,99.55476402493322,0.6986642920747996,0.05122707034728407,5.0
"Finglas North B, Dublin City",0,106,988,1094,357.0,0.0,9.689213893967093,90.31078610603291,0.6709323583180986,0.05594149908592324,5.0
"Finglas North C, Dublin City",0,79,1286,1365,449.0,0.0,5.787545787545787,94.2124542124542,0.6826373626373626,0.053951648351648354,6.0
"Finglas South A, Dublin City",0,48,999,1047,345.0,0.0,4.584527220630372,95.41547277936962,0.6862464183381088,0.0533381088825215,5.0
"Finglas South B, Dublin City",1,534,1046,1581,491.0,0.06325110689437065,33.776091081593925,66.1606578115117,0.598481973434535,0.06825806451612905,8.0
"Finglas South C, Dublin City",0,5,872,877,292.0,0.0,0.5701254275940707,99.42987457240594,0.6982896237172177,0.05129076396807299,4.0
"Finglas South D, Dublin City",0,89,820,909,297.0,0.0,9.79097909790979,90.2090209020902,0.6706270627062705,0.055993399339934025,4.0
"Firhouse Village, South Dublin",0,436,3509,3945,1285.0,0.0,11.051964512040557,88.94803548795944,0.6668441064638784,0.05663650190114068,18.0
"Firhouse-Ballycullen, South Dublin",0,252,3060,3312,1086.0,0.0,7.608695652173914,92.3913043478261,0.6771739130434783,0.05488043478260869,15.0
"Firhouse-Knocklyon, South Dublin",0,18,1268,1286,427.0,0.0,1.3996889580093312,98.60031104199068,0.695800933125972,0.05171384136858476,6.0
"Grace Park, Dublin City",1,337,1993,2331,753.0,0.0429000429000429,14.457314457314457,85.4997854997855,0.6564993564993565,0.05839510939510939,11.0
"Grange A, Dublin City",0,1223,2943,4166,1306.0,0.0,29.356697071531446,70.64330292846856,0.6119299087854057,0.06597191550648104,22.0
"Grange B, Dublin City",2,1221,1469,2692,815.0,0.07429420505200594,45.35661218424963,54.56909361069836,0.563707280832095,0.07416976225854385,15.0
"Grange C, Dublin City",0,19,1106,1125,373.0,0.0,1.6888888888888887,98.31111111111112,0.6949333333333334,0.05186133333333332,5.0
"Grange D, Dublin City",0,50,1416,1466,485.0,0.0,3.4106412005457027,96.58935879945429,0.6897680763983628,0.05273942701227833,6.0
"Grange E, Dublin City",0,69,898,967,317.0,0.0,7.135470527404343,92.86452947259566,0.678593588417787,0.05463908996897621,4.0
"Harmonstown A, Dublin City",0,42,1053,1095,362.0,0.0,3.8356164383561646,96.16438356164385,0.6884931506849316,0.05295616438356164,5.0
"Harmonstown B, Dublin City",0,47,975,1022,337.0,0.0,4.598825831702544,95.40117416829746,0.6862035225048924,0.053345401174168305,4.0
"Inchicore A, Dublin City",7,178,906,1091,350.0,0.6416131989000917,16.315307057745187,83.04307974335472,0.649129239230064,0.05964802933088911,5.0
"Inchicore B, Dublin City",2,325,615,942,292.0,0.21231422505307856,34.50106157112526,65.28662420382165,0.5958598726114648,0.06870382165605099,5.0
"Inns Quay A, Dublin City",1,478,596,1075,326.0,0.09302325581395349,44.46511627906977,55.44186046511628,0.5663255813953488,0.0737246511627907,6.0
"Inns Quay B, Dublin City",2,1123,672,1797,523.0,0.11129660545353368,62.493043962159156,37.39565943238731,0.5121869782971619,0.08292821368948249,11.0
"Inns Quay C, Dublin City",12,808,340,1160,330.0,1.0344827586206897,69.6551724137931,29.310344827586203,0.4879310344827586,0.08705172413793105,7.0
"Kilmainham A, Dublin City",7,308,835,1150,361.0,0.6086956521739131,26.782608695652172,72.60869565217392,0.6178260869565217,0.0649695652173913,6.0
"Kilmainham B, Dublin City",3,808,352,1163,333.0,0.2579535683576956,69.47549441100603,30.266552020636283,0.4907996560619089,0.0865640584694755,7.0
"Kilmainham C, Dublin City",8,1032,1045,2085,624.0,0.38369304556354916,49.49640287769784,50.11990407673861,0.5503597122302157,0.07643884892086333,12.0
"Kilmore A, Dublin City",0,237,964,1201,384.0,0.0,19.733555370524563,80.26644462947544,0.6407993338884264,0.06106411323896752,6.0
"Kilmore B, Dublin City",0,121,810,931,302.0,0.0,12.996777658431794,87.0032223415682,0.6610096670247045,0.057628356605800235,4.0
"Kilmore C, Dublin City",0,23,477,500,165.0,0.0,4.6,95.39999999999999,0.6861999999999999,0.05334600000000002,2.0
"Kilmore D, Dublin City",0,30,769,799,264.0,0.0,3.754693366708386,96.24530663329162,0.6887359198998749,0.052914893617021265,3.0
"Kimmage A, Dublin City",0,5,718,723,240.0,0.0,0.6915629322268326,99.30843706777317,0.6979253112033195,0.0513526970954357,3.0
"Kimmage B, Dublin City",1,40,1405,1446,479.0,0.06915629322268327,2.7662517289073305,97.16459197786999,0.6914937759336099,0.052446058091286316,6.0
"Kimmage C, Dublin City",0,615,849,1464,447.0,0.0,42.00819672131148,57.99180327868852,0.5739754098360655,0.07242418032786886,8.0
"Kimmage D, Dublin City",0,155,894,1049,339.0,0.0,14.775977121067681,85.22402287893232,0.6556720686367968,0.05853574833174454,5.0
"Kimmage E, Dublin City",0,256,1197,1453,467.0,0.0,17.618719889883,82.38128011011699,0.6471438403303509,0.059985547143840356,7.0
"Kylemore, Dublin City",0,0,954,954,318.0,0.0,0.0,100.0,0.7,0.05100000000000001,4.0
"Lucan Heights, South Dublin",0,151,1770,1921,630.0,0.0,7.860489328474753,92.13951067152524,0.6764185320145757,0.05500884955752214,9.0
"Lucan-Esker, South Dublin",3,1158,8813,9974,3243.0,0.0300782033286545,11.610186484860638,88.35973531181071,0.665079205935432,0.05693653499097656,46.0
"Lucan-St. Helens, South Dublin",1,1216,4146,5363,1704.0,0.018646280067126608,22.673876561625956,77.30747715830691,0.6319224314749207,0.06257318664926349,27.0
"Mansion House A, Dublin City",1,1401,260,1662,460.0,0.060168471720818295,84.29602888086643,15.643802647412755,0.4469314079422383,0.0940216606498195,11.0
"Mansion House B, Dublin City",0,274,56,330,92.0,0.0,83.03030303030303,16.969696969696972,0.4509090909090909,0.09334545454545455,2.0
"Merchants Quay A, Dublin City",1,1038,47,1086,292.0,0.09208103130755065,95.58011049723757,4.327808471454881,0.41298342541436467,0.099792817679558,7.0
"Merchants Quay B, Dublin City",1,1207,505,1713,490.0,0.05837711617046118,70.46117921774663,29.480443666082895,0.48844133099824866,0.08696497373029773,11.0
"Merchants Quay C, Dublin City",1,1068,401,1470,418.0,0.06802721088435373,72.6530612244898,27.27891156462585,0.4818367346938776,0.0880877551020408,9.0
"Merchants Quay D, Dublin City",1,122,797,920,298.0,0.10869565217391304,13.260869565217392,86.6304347826087,0.6598913043478261,0.057818478260869575,4.0
"Merchants Quay E, Dublin City",7,515,383,905,265.0,0.7734806629834254,56.9060773480663,42.32044198895027,0.5269613259668507,0.08041657458563538,5.0
"Merchants Quay F, Dublin City",3,381,572,956,292.0,0.3138075313807531,39.853556485355654,59.83263598326359,0.5794979079497907,0.07148535564853559,5.0
"Mountjoy A, Dublin City",0,1870,296,2166,597.0,0.0,86.3342566943675,13.665743305632502,0.44099722991689755,0.09503047091412742,14.0
"Mountjoy B, Dublin City",6,1613,223,1842,505.0,0.32573289902280134,87.56786102062975,12.106406080347448,0.4363192182410423,0.09582573289902283,12.0
"Newcastle, South Dublin",1,289,1506,1796,579.0,0.05567928730512249,16.0913140311804,83.85300668151447,0.6515590200445434,0.059234966592427635,9.0
"North City, Dublin City",0,2108,79,2187,588.0,0.0,96.38774577046182,3.61225422953818,0.4108367626886146,0.10015775034293553,15.0
"North Dock A, Dublin City",0,150,494,644,204.0,0.0,23.29192546583851,76.70807453416148,0.6301242236024843,0.06287888198757767,3.0
"North Dock B, Dublin City",1,2128,1382,3511,1027.0,0.02848191398461977,60.60951295927086,39.36200512674451,0.5180860153802335,0.08192537738536032,21.0
"North Dock C, Dublin City",8,1125,529,1662,477.0,0.48134777376654636,67.68953068592057,31.829121540312876,0.4954873646209386,0.08576714801444045,10.0
"Palmerston Village, South Dublin",1,17,1432,1450,481.0,0.06896551724137931,1.1724137931034484,98.75862068965517,0.6962758620689655,0.05163310344827587,6.0
"Palmerston West, South Dublin",11,87,2132,2230,734.0,0.49327354260089684,3.901345291479821,95.60538116591928,0.6868161434977579,0.05324125560538116,10.0
"Pembroke East A, Dublin City",0,999,1100,2099,632.0,0.0,47.594092424964266,52.40590757503573,0.5572177227251072,0.07527298713673179,12.0
"Pembroke East B, Dublin City",0,360,1095,1455,460.0,0.0,24.742268041237114,75.25773195876289,0.6257731958762887,0.06361855670103093,7.0
"Pembroke East C, Dublin City",0,419,1262,1681,532.0,0.0,24.925639500297443,75.07436049970255,0.6252230814991075,0.06371207614515172,8.0
"Pembroke East D, Dublin City",0,1023,916,1939,577.0,0.0,52.759154203197525,47.240845796802475,0.5417225373904074,0.07790716864363074,11.0
"Pembroke East E, Dublin City",11,787,713,1511,448.0,0.727994705493051,52.08471211118465,47.1872931833223,0.5415618795499669,0.07793448047650563,9.0
"Pembroke West A, Dublin City",0,1048,1179,2227,672.0,0.0,47.05882352941176,52.94117647058824,0.5588235294117648,0.07499999999999998,13.0
"Pembroke West B, Dublin City",0,803,597,1400,413.0,0.0,57.35714285714286,42.642857142857146,0.5279285714285714,0.08025214285714287,8.0
"Pembroke West C, Dublin City",0,1251,694,1945,564.0,0.0,64.31876606683805,35.681233933161955,0.5070437017994859,0.0838025706940874,12.0
"Phoenix Park, Dublin City",1,557,66,624,170.0,0.16025641025641024,89.26282051282051,10.576923076923077,0.4317307692307692,0.09660576923076923,4.0
"Priorswood A, Dublin City",0,90,434,524,168.0,0.0,17.17557251908397,82.82442748091603,0.648473282442748,0.059759541984732836,3.0
"Priorswood B, Dublin City",1,24,778,803,266.0,0.12453300124533001,2.9887920298879203,96.88667496886674,0.6906600249066003,0.05258779576587796,3.0
"Priorswood C, Dublin City",0,693,917,1610,490.0,0.0,43.04347826086957,56.95652173913044,0.5708695652173913,0.07295217391304348,9.0
"Priorswood D, Dublin City",1,72,845,918,301.0,0.10893246187363835,7.8431372549019605,92.0479302832244,0.6761437908496732,0.05505555555555555,4.0
"Priorswood E, Dublin City",0,0,944,944,314.0,0.0,0.0,100.0,0.7,0.05100000000000001,4.0
"Raheny-Foxfield, Dublin City",0,64,835,899,295.0,0.0,7.119021134593993,92.88097886540601,0.6786429365962179,0.05463070077864297,4.0
"Raheny-Greendale, Dublin City",0,105,746,851,276.0,0.0,12.338425381903642,87.66157461809637,0.6629847238542891,0.05729259694477086,4.0
"Raheny-St. Assam, Dublin City",1,322,1219,1542,492.0,0.06485084306095978,20.881971465629054,79.05317769130998,0.6371595330739299,0.061682879377431915,8.0
"Rathcoole, South Dublin",0,309,1862,2171,702.0,0.0,14.233072316904652,85.76692768309535,0.657300783049286,0.05825886688162139,10.0
"Rathfarnham Village, South Dublin",0,300,953,1253,397.0,0.0,23.942537909018355,76.05746209098164,0.6281723862729449,0.06321069433359937,6.0
"Rathfarnham, Dublin City",0,797,1194,1991,610.0,0.0,40.030135610246106,59.969864389753894,0.5799095931692616,0.07141536916122553,11.0
"Rathfarnham-Ballyroan, South Dublin",0,14,966,980,325.0,0.0,1.4285714285714286,98.57142857142858,0.6957142857142857,0.05172857142857143,4.0
"Rathfarnham-Butterfield, South Dublin",1,125,1100,1226,400.0,0.08156606851549755,10.195758564437195,89.72267536704732,0.669168026101142,0.056241435562805864,6.0
"Rathfarnham-Hermitage, South Dublin",0,269,1312,1581,509.0,0.0,17.014547754585703,82.9854522454143,0.6489563567362429,0.059677419354838716,8.0
"Rathfarnham-St. Enda's, South Dublin",0,94,1359,1453,478.0,0.0,6.4693737095664146,93.53062629043359,0.6805918788713008,0.05429938059187887,6.0
"Rathmines East A, Dublin City",123,1115,989,2227,639.0,5.523125280646609,50.067355186349346,44.409519533004044,0.5332285585990121,0.07935114503816795,13.0
"Rathmines East B, Dublin City",13,1096,1304,2413,727.0,0.5387484459179445,45.42063820969747,54.04061334438458,0.5621218400331537,0.07443928719436388,14.0
"Rathmines East C, Dublin City",0,346,993,1339,423.0,0.0,25.840179238237493,74.1598207617625,0.6224794622852875,0.06417849141150113,7.0
"Rathmines East D, Dublin City",0,351,783,1134,354.0,0.0,30.952380952380953,69.04761904761905,0.6071428571428572,0.06678571428571428,6.0
"Rathmines West A, Dublin City",167,2018,864,3049,842.0,5.477205641193834,66.18563463430634,28.337159724499838,0.4850114791734995,0.08754804854050509,18.0
"Rathmines West B, Dublin City",0,1056,737,1793,527.0,0.0,58.895705521472394,41.104294478527606,0.5233128834355828,0.08103680981595093,11.0
"Rathmines West C, Dublin City",1,532,586,1119,337.0,0.08936550491510277,47.542448614834676,52.36818588025023,0.5571045576407507,0.07529222520107239,6.0
"Rathmines West D, Dublin City",1,854,560,1415,414.0,0.0706713780918728,60.35335689045937,39.57597173144876,0.5187279151943462,0.08181625441696115,8.0
"Rathmines West E, Dublin City",1,663,880,1544,470.0,0.06476683937823835,42.940414507772026,56.994818652849744,0.5709844559585493,0.07293264248704663,9.0
"Rathmines West F, Dublin City",18,687,626,1331,393.0,1.35236664162284,51.61532682193839,47.03230653643877,0.5410969196093162,0.07801352366641626,8.0
"Rotunda A, Dublin City",3,2113,27,2143,572.0,0.1399906672888474,98.60009332711152,1.2599160055996266,0.4037797480167989,0.10135744283714421,14.0
"Rotunda B, Dublin City",0,1223,39,1262,339.0,0.0,96.90966719492869,3.0903328050713155,0.409270998415214,0.10042393026941361,9.0
"Royal Exchange A, Dublin City",1,1601,77,1679,452.0,0.05955926146515784,95.35437760571769,4.586063132817153,0.41375818939845144,0.09966110780226327,11.0
"Royal Exchange B, Dublin City",0,602,16,618,166.0,0.0,97.41100323624595,2.5889967637540456,0.4077669902912621,0.10067961165048543,4.0
"Saggart, South Dublin",4,701,1062,1767,541.0,0.22637238256932654,39.67176004527448,60.101867572156195,0.5803056027164686,0.07134804753820034,10.0
"Saint Kevin's, Dublin City",124,1364,498,1986,542.0,6.243705941591138,68.68076535750251,25.075528700906347,0.47522658610271906,0.08921148036253776,12.0
"South Dock, Dublin City",1,3136,397,3534,968.0,0.028296547821165818,88.737973967176,11.23372948500283,0.4337011884550085,0.09627079796264856,23.0
"Tallaght-Avonbeg, South Dublin",0,69,516,585,190.0,0.0,11.794871794871794,88.2051282051282,0.6646153846153845,0.05701538461538464,3.0
"Tallaght-Belgard, South Dublin",0,5,575,580,193.0,0.0,0.8620689655172413,99.13793103448276,0.6974137931034481,0.05143965517241383,2.0
"Tallaght-Fettercairn, South Dublin",0,538,2931,3469,1119.0,0.0,15.508792159123667,84.49120784087634,0.653473623522629,0.05890948400115306,16.0
"Tallaght-Glenview, South Dublin",1,473,402,876,260.0,0.1141552511415525,53.99543378995434,45.89041095890411,0.5376712328767124,0.07859589041095891,5.0
"Tallaght-Jobstown, South Dublin",2,1226,4483,5711,1819.0,0.03502013657853266,21.46734372264052,78.49763614078094,0.6354929084223427,0.06196620556820174,28.0
"Tallaght-Killinardan, South Dublin",0,42,1236,1278,423.0,0.0,3.286384976525822,96.71361502347418,0.6901408450704225,0.05267605633802818,6.0
"Tallaght-Kilnamanagh, South Dublin",3,10,1539,1552,515.0,0.19329896907216496,0.6443298969072164,99.16237113402062,0.6974871134020618,0.051427190721649495,7.0
"Tallaght-Kiltipper, South Dublin",0,676,2419,3095,986.0,0.0,21.84168012924071,78.15831987075929,0.6344749596122778,0.06213925686591277,15.0
"Tallaght-Kingswood, South Dublin",1,271,1227,1499,481.0,0.06671114076050699,18.0787191460974,81.8545697131421,0.6455637091394263,0.06025416944629754,7.0
"Tallaght-Millbrook, South Dublin",0,27,1263,1290,428.0,0.0,2.0930232558139537,97.90697674418605,0.6937209302325581,0.05206744186046513,6.0
"Tallaght-Oldbawn, South Dublin",1,224,1358,1583,512.0,0.06317119393556538,14.150347441566646,85.78648136449779,0.6573594440934933,0.058248894504106134,7.0
"Tallaght-Springfield, South Dublin",8,1837,1986,3831,1151.0,0.20882276168102323,47.95092665100496,51.84025058731402,0.555520751761942,0.07556147220046985,22.0
"Tallaght-Tymon, South Dublin",1,116,1762,1879,618.0,0.05321979776476849,6.1734965407131455,93.77328366152209,0.6813198509845663,0.05417562533262374,8.0
"Templeogue Village, South Dublin",1,262,582,845,264.0,0.1183431952662722,31.005917159763314,68.87573964497041,0.6066272189349112,0.0668733727810651,4.0
"Templeogue-Cypress, South Dublin",0,15,968,983,326.0,0.0,1.5259409969481181,98.47405900305188,0.6954221770091555,0.05177822990844356,4.0
"Templeogue-Kimmage Manor, South Dublin",0,179,1579,1758,573.0,0.0,10.18202502844141,89.81797497155858,0.6694539249146757,0.05619283276450514,8.0
"Templeogue-Limekiln, South Dublin",1,59,1371,1431,472.0,0.06988120195667365,4.122990915443745,95.80712788259959,0.6874213836477988,0.05313836477987421,6.0
"Templeogue-Orwell, South Dublin",0,1,726,727,242.0,0.0,0.1375515818431912,99.86244841815682,0.6995873452544704,0.05107015130674003,3.0
"Templeogue-Osprey, South Dublin",1,4,835,840,279.0,0.11904761904761905,0.4761904761904762,99.40476190476191,0.6982142857142857,0.05130357142857144,4.0
"Terenure A, Dublin City",0,283,1334,1617,520.0,0.0,17.501546072974644,82.49845392702535,0.647495361781076,0.05992578849721708,8.0
"Terenure B, Dublin City",0,286,1216,1502,481.0,0.0,19.04127829560586,80.95872170439414,0.6428761651131824,0.06071105193075901,7.0
"Terenure C, Dublin City",0,57,589,646,211.0,0.0,8.823529411764707,91.17647058823529,0.6735294117647058,0.055500000000000015,3.0
"Terenure D, Dublin City",0,3,290,293,97.0,0.0,1.023890784982935,98.97610921501706,0.6969283276450511,0.05152218430034132,1.0
"Terenure-Cherryfield, South Dublin",0,110,775,885,287.0,0.0,12.429378531073446,87.57062146892656,0.6627118644067796,0.05733898305084746,4.0
"Terenure-Greentrees, South Dublin",0,15,1098,1113,370.0,0.0,1.3477088948787064,98.6522911051213,0.6959568733153638,0.05168733153638815,5.0
"Terenure-St. James, South Dublin",0,1,1044,1045,348.0,0.0,0.09569377990430622,99.90430622009569,0.6997129186602871,0.051048803827751205,4.0
"Ushers A, Dublin City",9,1948,250,2207,603.0,0.40779338468509285,88.26461259628455,11.327594019030359,0.4339827820570911,0.0962229270502945,15.0
"Ushers B, Dublin City",0,704,0,704,188.0,0.0,100.0,0.0,0.4,0.10200000000000001,5.0
"Ushers C, Dublin City",2,1285,484,1771,504.0,0.1129305477131564,72.55787690570298,27.32919254658385,0.48198757763975153,0.08806211180124225,11.0
"Ushers D, Dublin City",3,531,514,1048,313.0,0.2862595419847328,50.667938931297705,49.04580152671756,0.5471374045801526,0.07698664122137407,6.0
"Ushers E, Dublin City",0,498,326,824,241.0,0.0,60.43689320388349,39.56310679611651,0.5186893203883496,0.08182281553398058,5.0
"Ushers F, Dublin City",0,531,697,1228,374.0,0.0,43.241042345276874,56.75895765472313,0.5702768729641694,0.0730529315960912,7.0
"Walkinstown A, Dublin City",5,341,761,1107,345.0,0.45167118337850043,30.80397470641373,68.74435411020777,0.6062330623306234,0.06694037940379403,6.0
"Walkinstown B, Dublin City",0,45,736,781,257.0,0.0,5.761843790012804,94.2381562099872,0.6827144686299615,0.05393854033290654,3.0
"Walkinstown C, Dublin City",0,69,902,971,319.0,0.0,7.106076210092688,92.8939237899073,0.678681771369722,0.05462409886714727,4.0
"Whitehall A, Dublin City",17,103,952,1072,346.0,1.585820895522388,9.60820895522388,88.80597014925374,0.6664179104477612,0.0567089552238806,5.0
"Whitehall B, Dublin City",3,226,1440,1669,540.0,0.17974835230677053,13.54104254044338,86.27920910724986,0.6588376273217496,0.05799760335530258,8.0
"Whitehall C, Dublin City",1,335,795,1131,354.0,0.08841732979664013,29.619805481874444,70.29177718832891,0.6108753315649867,0.06615119363395226,6.0
"Whitehall D, Dublin City",0,331,814,1145,359.0,0.0,28.90829694323144,71.09170305676857,0.6132751091703057,0.06574323144104803,6.0
"Wood Quay A, Dublin City",0,1013,173,1186,327.0,0.0,85.41315345699832,14.586846543001686,0.4437605396290051,0.09456070826306914,8.0
"Wood Quay B, Dublin City",9,900,938,1847,553.0,0.48727666486193827,48.727666486193826,50.78505684894423,0.5523551705468326,0.07609962100703846,11.0
